split,id,bucket,error_px,pool_size,screen_rank_of_truth
dev,0,correct,0.156,66,0
dev,1,correct,0.350,61,0
dev,2,correct,0.113,62,0
dev,3,correct,0.999,68,5
dev,4,correct,0.108,63,0
dev,5,correct,0.029,60,0
dev,6,correct,0.551,61,0
dev,7,correct,0.053,62,0
dev,8,correct,0.048,68,0
dev,9,correct,1.034,63,0
dev,10,correct,0.947,61,0
dev,11,correct,0.297,60,0
dev,12,correct,0.675,66,1
dev,13,correct,0.513,60,0
dev,14,correct,0.336,61,0
dev,15,correct,0.245,67,0
dev,16,correct,0.153,64,0
dev,17,correct,0.035,66,0
dev,18,correct,0.473,63,0
dev,19,correct,0.087,65,0
dev,20,correct,0.170,60,0
dev,21,correct,0.392,62,0
dev,22,correct,0.417,72,27
dev,23,correct,0.435,64,0
dev,24,correct,0.759,65,0
dev,25,correct,0.438,64,0
dev,26,correct,1.052,60,0
dev,27,correct,0.067,63,0
dev,28,correct,0.133,60,0
dev,29,correct,0.129,62,3
dev,30,correct,0.195,62,0
dev,31,correct,1.827,60,0
dev,32,correct,0.396,61,0
dev,33,outscored,478.299,71,19
dev,34,correct,0.974,62,0
dev,35,absent,124.122,74,-1
dev,36,correct,0.054,65,0
dev,37,correct,0.358,63,0
dev,38,correct,0.169,60,0
dev,39,correct,0.270,60,0
dev2,0,correct,0.157,61,0
dev2,1,correct,0.049,69,0
dev2,2,correct,0.641,67,0
dev2,3,correct,0.109,64,0
dev2,4,correct,0.254,66,0
dev2,5,correct,0.265,60,0
dev2,6,correct,0.537,63,0
dev2,7,correct,0.384,60,0
dev2,8,correct,0.169,63,0
dev2,9,correct,0.385,60,0
dev2,10,correct,1.388,60,0
dev2,11,correct,0.190,62,0
dev2,12,correct,0.191,74,9
dev2,13,correct,0.677,63,0
dev2,14,correct,0.072,60,0
dev2,15,absent,85.692,65,-1
dev2,16,correct,0.913,62,0
dev2,17,correct,0.692,64,0
dev2,18,correct,0.142,62,0
dev2,19,correct,0.770,69,0
dev2,20,correct,0.454,61,0
dev2,21,correct,0.473,64,0
dev2,22,correct,0.118,62,0
dev2,23,correct,0.179,62,0
dev2,24,correct,1.050,61,0
dev2,25,correct,0.159,62,0
dev2,26,correct,0.052,60,0
dev2,27,correct,1.457,63,0
dev2,28,correct,2.228,63,0
dev2,29,correct,0.157,63,0
dev2,30,correct,0.135,62,0
dev2,31,correct,0.191,60,0
dev2,32,correct,0.162,68,0
dev2,33,screened,500.178,63,50
dev2,34,correct,0.688,69,0
dev2,35,correct,0.145,67,0
dev2,36,correct,0.656,69,0
dev2,37,correct,0.204,60,0
dev2,38,correct,0.062,61,9
dev2,39,correct,0.343,61,0
dev2,40,correct,0.636,61,0
dev2,41,correct,0.111,62,0
dev2,42,correct,0.259,63,0
dev2,43,correct,0.526,61,0
dev2,44,correct,0.162,63,0
dev2,45,correct,0.375,61,0
dev2,46,correct,0.083,61,0
dev2,47,correct,1.185,64,0
dev2,48,correct,0.268,67,0
dev2,49,correct,0.159,68,1
dev2,50,correct,0.077,63,0
dev2,51,correct,0.155,66,0
dev2,52,correct,0.695,65,0
dev2,53,correct,0.133,63,0
dev2,54,screened,105.559,67,36
dev2,55,correct,0.696,61,0
dev2,56,correct,0.515,66,0
dev2,57,outscored,484.020,72,0
dev2,58,correct,0.305,67,0
dev2,59,correct,0.071,63,0
dev2,60,correct,0.446,65,0
dev2,61,correct,0.891,66,0
dev2,62,correct,0.446,65,0
dev2,63,correct,0.691,62,0
dev2,64,correct,0.172,62,0
dev2,65,correct,0.087,66,0
dev2,66,correct,0.125,62,0
dev2,67,correct,0.394,69,0
dev2,68,correct,0.305,64,2
dev2,69,correct,0.572,63,0
dev2,70,correct,0.131,61,0
dev2,71,correct,0.095,60,0
dev2,72,correct,1.016,62,0
dev2,73,correct,0.059,68,0
dev2,74,correct,0.528,64,0
dev2,75,correct,0.469,63,0
dev2,76,correct,0.125,63,0
dev2,77,correct,0.354,62,0
dev2,78,screened,411.223,67,-1
dev2,79,correct,0.298,61,0
dev2,80,correct,0.341,60,0
dev2,81,correct,0.284,62,0
dev2,82,correct,0.220,60,0
dev2,83,correct,0.350,64,0
dev2,84,correct,0.272,60,0
dev2,85,correct,0.083,60,0
dev2,86,correct,0.252,61,0
dev2,87,correct,0.679,68,0
dev2,88,correct,0.567,66,0
dev2,89,correct,1.192,62,0
dev2,90,correct,0.194,61,0
dev2,91,correct,1.537,64,0
dev2,92,correct,0.112,62,0
dev2,93,correct,0.086,60,0
dev2,94,correct,0.243,60,0
dev2,95,correct,0.048,64,0
dev2,96,correct,0.212,63,0
dev2,97,correct,2.550,70,0
dev2,98,correct,0.085,62,0
dev2,99,correct,0.368,64,0
dev2,100,correct,0.789,67,0
dev2,101,correct,0.106,61,0
dev2,102,correct,0.482,60,0
dev2,103,correct,0.038,63,0
dev2,104,correct,0.978,61,0
dev2,105,correct,0.168,68,0
dev2,106,correct,0.118,60,5
dev2,107,correct,0.161,60,0
dev2,108,correct,0.100,60,0
dev2,109,correct,0.116,60,0
dev2,110,correct,0.131,69,3
dev2,111,correct,1.023,60,0
dev2,112,correct,0.211,62,0
dev2,113,correct,0.076,73,0
dev2,114,correct,0.043,61,0
dev2,115,correct,0.105,65,0
dev2,116,outscored,81.540,66,23
dev2,117,correct,0.293,60,0
dev2,118,correct,0.801,60,0
dev2,119,correct,0.423,60,0
dev2,120,correct,0.413,64,0
dev2,121,absent,281.868,68,-1
dev2,122,correct,0.156,65,0
dev2,123,correct,0.102,61,0
dev2,124,correct,0.601,62,0
dev2,125,absent,18.020,77,-1
dev2,126,correct,0.585,60,0
dev2,127,correct,0.166,64,0
dev2,128,correct,0.155,60,0
dev2,129,correct,0.008,68,4
dev2,130,correct,0.093,60,0
dev2,131,correct,0.044,60,0
dev2,132,correct,0.550,66,0
dev2,133,correct,0.170,66,0
dev2,134,correct,0.030,69,2
dev2,135,correct,0.816,63,0
dev2,136,correct,0.042,62,0
dev2,137,correct,0.346,62,0
dev2,138,correct,0.357,63,0
dev2,139,correct,0.230,71,3
dev2,140,correct,0.737,70,0
dev2,141,correct,0.043,71,0
dev2,142,correct,0.271,69,2
dev2,143,correct,0.550,68,0
dev2,144,correct,0.088,70,0
dev2,145,correct,0.184,60,0
dev2,146,correct,0.043,65,0
dev2,147,correct,0.318,60,0
dev2,148,correct,0.045,60,0
dev2,149,correct,1.113,60,0
dev2,150,correct,0.383,69,4
dev2,151,correct,0.472,63,0
dev2,152,correct,0.134,71,0
dev2,153,correct,0.255,62,0
dev2,154,correct,0.501,60,0
dev2,155,correct,0.393,63,0
dev2,156,correct,0.175,69,0
dev2,157,correct,0.086,65,0
dev2,158,correct,0.122,66,0
dev2,159,correct,0.125,64,0

# bucket: correct | absent (never a candidate) | screened (cut by the screen)
#         | outscored (survived to the final comparison and lost on ZNCC)
# a candidate counts as 'the true one' within 5 px of ground truth
