split,id,score_margin,winner_pose_travel,truth_pose_travel,winner_scale,truth_scale,error_px
sponsor,4,0.0035423636436462402,0.0,0.2828427124746202,10.0,9.94,14.38028288193787
sponsor,13,0.010773897171020508,0.0,0.0,10.0,10.0,14.338129612104195
sponsor,15,0.009388267993927002,0.0,0.0,10.0,10.0,21.530926126414986
sponsor,23,0.010477542877197266,0.0,0.0,10.0,10.0,64.25267056966577
sponsor,24,0.011413216590881348,0.0,0.0,10.0,10.0,43.22668716302036
sponsor,30,0.0053462982177734375,0.0,0.0,10.0,10.0,19.400027718884704
bench,8,0.0027991533279418945,0.28284271247462056,0.28284271247462056,10.934,10.934,17.697748910338202
bench,21,0.0,1.2362075068531162,1.2362075068531162,10.59759064,10.59759064,6.538900216706844
finfet,28,0.003877878189086914,0.5,0.7280109889280514,10.098,10.1388,707.2849566651953
