selector,sponsor,bench,finfet,aggregate_mislock,flips,fixed_broke,mcnemar_p
max,20.0%  +0/-0,13.3%  +0/-0,10.0%  +0/-0,15.0%,0,+0/-0,1.0000
top3,20.0%  +1/-1,16.7%  +0/-1,6.7%  +1/-0,15.0%,54,+2/-2,1.0000
lse 5,5.0%  +6/-0,20.0%  +1/-3,6.7%  +1/-0,10.0%,49,+8/-3,0.2266
mean,10.0%  +5/-1,20.0%  +1/-3,6.7%  +1/-0,12.0%,46,+7/-4,0.5488
ev 0.1,22.5%  +0/-1,13.3%  +0/-0,10.0%  +0/-0,16.0%,10,+0/-1,1.0000

# Every selector reads the SAME cached pose grids, so the comparison is exactly
# paired. 'flips' counts candidates chosen differently from the shipped maximum.
# Free parameters were chosen on dev and frozen before these splits were scored.
