split,id,sel_err_px,final_err_px,shift_total_px,shift_pose_refine_px,shift_subpixel_px,shift_drift_px,shear_px,predrift_err_px,lost_by_refinement
dev,0,0.9985,0.1565,0.8548,0.0000,0.1924,0.8634,1.3555,1.0167,0
dev,1,0.8523,0.3498,1.1863,0.0000,0.2184,1.1076,2.2276,0.7593,0
dev,2,1.0678,0.1127,1.1154,0.0000,0.2010,1.0773,1.5524,1.0119,0
dev,3,1.0202,0.9989,1.9979,0.0000,0.3828,2.1821,2.9672,1.1834,0
dev,4,0.9720,0.1076,1.0340,0.0000,0.2746,0.7930,1.7999,0.7195,0
dev,5,0.2437,0.0287,0.2708,0.0000,0.1487,0.3475,1.2862,0.3190,0
dev,6,0.2146,0.5514,0.3466,0.0000,0.3705,0.0240,0.0755,0.5753,0
dev,7,0.7141,0.0531,0.7362,0.0000,0.0632,0.7960,1.6900,0.7724,0
dev,8,0.6578,0.0476,0.6387,0.0000,0.2335,0.6359,1.4833,0.6691,0
dev,9,0.8966,1.0336,1.8699,0.0000,0.0000,1.8699,3.0301,0.8966,0
dev,10,0.8104,0.9473,0.2794,0.0000,0.2460,0.0622,-0.1185,0.8851,0
dev,11,0.9951,0.2973,0.6979,0.0000,0.1200,0.5779,1.0146,0.8751,0
dev,12,1.4908,0.6748,0.8289,0.0000,0.0000,0.8289,1.1821,1.4908,0
dev,13,0.8391,0.5132,1.3522,0.0000,0.0943,1.3999,2.8049,0.8875,0
dev,14,0.3538,0.3361,0.0413,0.0000,0.4809,0.4516,1.4646,0.6648,0
dev,15,0.8069,0.2452,0.5633,0.0000,0.1315,0.4330,1.2931,0.6758,0
dev,16,0.1762,0.1531,0.0613,0.0000,0.2280,0.2324,0.7418,0.3855,0
dev,17,0.6406,0.0345,0.6195,0.0000,0.2408,0.5911,1.9005,0.6001,0
dev,18,0.9581,0.4726,0.4927,0.0000,0.2500,0.7427,0.8552,1.2067,0
dev,19,0.6004,0.0866,0.6837,0.0000,0.3041,0.7681,2.1212,0.6824,0
dev,20,0.2319,0.1700,0.1625,0.0000,0.2968,0.2785,1.1057,0.4463,0
dev,21,0.9773,0.3918,1.3679,0.0000,0.3176,1.0797,2.2691,0.6884,0
dev,22,0.8284,0.4166,0.4330,0.0000,0.2550,0.2190,0.5346,0.6356,0
dev,23,0.6845,0.4348,0.4203,0.0000,0.4101,0.0826,0.3300,0.5172,0
dev,24,0.7616,0.7593,0.3249,0.0000,0.3158,0.0373,-0.0812,0.7222,0
dev,25,0.6243,0.4375,0.2593,0.0000,0.2563,0.1883,0.5425,0.6224,0
dev,26,1.3094,1.0520,0.2632,0.0000,0.1166,0.1563,0.1768,1.2082,0
dev,27,0.3330,0.0669,0.2683,0.0000,0.2625,0.3488,1.3110,0.4073,0
dev,28,0.6620,0.1329,0.5303,0.0000,0.2476,0.3288,1.2427,0.4502,0
dev,29,0.8214,0.1295,0.7771,0.0000,0.4243,0.5939,1.5042,0.5693,0
dev,30,0.3736,0.1952,0.5567,0.0000,0.3705,0.9264,1.8254,0.7438,0
dev,31,1.7849,1.8273,0.0423,0.0000,0.3800,0.4223,-0.4639,1.4049,0
dev,32,0.7706,0.3957,1.1574,0.0000,0.1789,1.0662,2.1665,0.6709,0
dev,33,478.1964,478.2990,0.1037,0.0000,0.2309,0.1435,1.3661,478.4179,0
dev,34,0.6944,0.9742,1.6215,0.0000,0.1749,1.7045,3.2819,0.7434,0
dev,35,124.6931,124.1222,0.5837,0.0000,0.2000,0.7312,1.7855,124.8535,0
dev,36,1.0102,0.0538,0.9569,0.0000,0.2062,0.7556,1.5566,0.8092,0
dev,37,0.5236,0.3577,0.1740,0.0000,0.1105,0.2837,1.7602,0.6268,0
dev,38,1.1125,0.1692,0.9460,0.0000,0.1676,0.8823,1.8112,1.0515,0
dev,39,0.6233,0.2697,0.8848,0.0000,0.2052,1.0236,1.9774,0.7544,0
dev2,0,0.9430,0.1566,0.7864,0.0000,0.1965,0.5948,1.2239,0.7513,0
dev2,1,1.0884,0.0486,1.0399,0.0000,0.0894,0.9968,1.3830,1.0449,0
dev2,2,1.2778,0.6409,1.9168,0.0000,0.0671,1.8566,2.3673,1.2187,0
dev2,3,0.1982,0.1093,0.3046,0.0000,0.2907,0.4580,1.6773,0.3649,0
dev2,4,0.6714,0.2543,0.4228,0.0000,0.2002,0.3825,1.0697,0.6329,0
dev2,5,0.2926,0.2645,0.0608,0.0000,0.1709,0.1701,0.6742,0.4322,0
dev2,6,0.3615,0.5367,0.8808,0.0000,0.2502,1.1307,4.5187,0.6091,0
dev2,7,0.9728,0.3837,1.3481,0.0000,0.2081,1.2174,2.3448,0.8344,0
dev2,8,1.2766,0.1690,1.1095,0.0000,0.3966,1.2793,1.3723,1.4469,0
dev2,9,1.6835,0.3850,2.0682,0.0000,0.3590,1.7166,1.9159,1.3330,0
dev2,10,1.9160,1.3878,0.5459,0.0000,0.4238,0.1277,0.1367,1.5153,0
dev2,11,0.4109,0.1900,0.5727,0.0000,0.3720,0.7078,2.2214,0.5189,0
dev2,12,0.4015,0.1913,0.3072,0.0000,0.2550,0.1286,0.6081,0.3149,0
dev2,13,1.5700,0.6771,2.2133,0.0000,0.2983,2.1242,2.5047,1.4560,0
dev2,14,1.2038,0.0721,1.1534,0.0000,0.4201,0.7334,1.4522,0.7840,0
dev2,15,84.4861,85.6916,1.2197,0.0000,0.2780,1.3697,1.7348,84.3226,0
dev2,16,1.4477,0.9133,0.5346,0.0000,0.2302,0.3045,0.3521,1.2175,0
dev2,17,1.0042,0.6918,1.6948,0.0000,0.1523,1.7490,2.8007,1.0579,0
dev2,18,0.9093,0.1418,0.7676,0.0000,0.0707,0.7544,1.2326,0.8961,0
dev2,19,0.7365,0.7698,1.5061,0.0000,0.1487,1.4020,3.7969,0.6350,0
dev2,20,1.5028,0.4545,1.9075,0.0000,0.4011,1.8351,2.3643,1.3930,0
dev2,21,0.8408,0.4733,0.3679,0.0000,0.2100,0.1579,0.4736,0.6310,0
dev2,22,1.0776,0.1182,0.9711,0.0000,0.1400,0.9609,1.2949,1.0735,0
dev2,23,1.0766,0.1786,1.2550,0.0000,0.2377,1.1455,1.8229,0.9689,0
dev2,24,1.7290,1.0503,2.7404,1.0000,0.4738,2.2097,2.7134,1.1963,0
dev2,25,0.9707,0.1588,1.1295,0.0000,0.3353,0.9832,2.0492,0.8334,0
dev2,26,0.6400,0.0516,0.6894,0.0000,0.1082,0.6235,2.2452,0.5725,0
dev2,27,1.3673,1.4572,0.3826,0.0000,0.3734,0.0246,-0.0288,1.4327,0
dev2,28,1.3492,2.2277,3.5480,0.0000,0.3289,3.4244,4.3486,1.1971,0
dev2,29,0.5178,0.1574,0.5381,0.0000,0.1897,0.5671,2.5103,0.4930,0
dev2,30,0.7028,0.1348,0.5748,0.0000,0.3228,0.3940,1.0630,0.5264,0
dev2,31,0.5015,0.1908,0.3130,0.0000,0.3453,0.6471,1.1284,0.8379,0
dev2,32,0.5254,0.1619,0.4489,0.0000,0.3581,0.5527,1.3626,0.6972,0
dev2,33,500.3384,500.1781,0.6051,0.0000,0.3606,0.5064,1.7346,500.5763,0
dev2,34,1.0954,0.6882,0.4081,0.0000,0.0000,0.4081,0.8912,1.0954,0
dev2,35,1.0303,0.1451,0.8920,0.0000,0.2088,0.9292,1.3618,1.0553,0
dev2,36,0.4282,0.6561,1.0843,0.0000,0.3821,1.4636,3.0715,0.8083,0
dev2,37,0.8120,0.2045,0.6076,0.0000,0.2209,0.5864,1.2249,0.7794,0
dev2,38,1.0266,0.0621,0.9961,0.0000,0.1421,0.8820,1.5234,0.9173,0
dev2,39,1.6252,0.3433,1.9670,0.0000,0.3202,1.7068,1.8856,1.3636,0
dev2,40,1.0307,0.6362,0.4241,0.0000,0.1825,0.3540,0.6582,0.9900,0
dev2,41,1.6304,0.1108,1.7411,0.0000,0.4866,1.5936,1.7063,1.4870,0
dev2,42,0.7342,0.2589,0.5198,0.0000,0.4492,0.4220,1.0309,0.6759,0
dev2,43,0.8965,0.5265,0.4301,0.0000,0.2600,0.3427,0.6829,0.8686,0
dev2,44,0.6072,0.1619,0.4546,0.0000,0.3401,0.3117,1.0623,0.4629,0
dev2,45,1.5950,0.3747,1.3101,0.0000,0.0000,1.3101,1.3850,1.5950,0
dev2,46,0.5570,0.0834,0.5923,0.0000,0.3007,0.4907,1.4931,0.4213,0
dev2,47,1.6630,1.1848,2.8321,0.0000,0.3466,2.5811,2.8562,1.3977,0
dev2,48,0.3850,0.2678,0.1205,0.0000,0.2927,0.4037,0.7809,0.6712,0
dev2,49,0.2146,0.1586,0.1474,0.0000,0.0000,0.1474,2.6536,0.2146,0
dev2,50,0.6562,0.0767,0.5816,0.0000,0.4438,0.2817,1.3092,0.3247,0
dev2,51,0.4670,0.1554,0.3495,0.0000,0.3041,0.2293,2.0580,0.3831,0
dev2,52,0.6958,0.6954,0.1510,0.0000,0.2581,0.1930,0.3381,0.8884,0
dev2,53,0.4107,0.1328,0.3776,0.0000,0.3467,0.6164,1.1940,0.5721,0
dev2,54,104.7951,105.5593,0.7856,0.0000,0.1970,0.6847,1.1143,104.8746,0
dev2,55,1.1314,0.6959,0.4365,0.0000,0.1044,0.5354,0.6311,1.2313,0
dev2,56,0.3877,0.5145,0.9021,0.0000,0.2402,1.1421,2.7069,0.6276,0
dev2,57,484.4636,484.0199,0.5869,0.0000,0.0283,0.5665,1.3941,484.4606,0
dev2,58,0.7704,0.3050,0.4753,0.0000,0.2441,0.2542,0.5189,0.5591,0
dev2,59,0.8295,0.0712,0.8405,0.0000,0.3178,1.1476,1.8010,1.1300,0
dev2,60,1.1058,0.4457,0.6621,0.0000,0.1664,0.5160,0.9770,0.9536,0
dev2,61,1.3028,0.8909,2.1355,0.0000,0.3513,2.0767,2.4057,1.1961,0
dev2,62,0.9899,0.4464,1.4023,0.0000,0.0000,1.4023,2.3785,0.9899,0
dev2,63,0.9594,0.6912,0.3580,0.0000,0.3818,0.5050,0.6517,1.1961,0
dev2,64,0.4396,0.1720,0.6019,0.0000,0.1530,0.7512,1.8762,0.5915,0
dev2,65,0.5264,0.0869,0.6064,0.0000,0.3672,0.3350,1.9256,0.2500,0
dev2,66,0.4117,0.1247,0.5363,0.0000,0.2360,0.3615,2.6712,0.2517,0
dev2,67,0.9240,0.3937,1.3163,0.0000,0.1334,1.1859,2.5368,0.7949,0
dev2,68,1.0210,0.3050,0.7232,0.0000,0.2941,0.9976,1.2192,1.3005,0
dev2,69,0.5417,0.5724,0.3106,0.0000,0.2648,0.1198,-0.3791,0.4556,0
dev2,70,0.4960,0.1308,0.3964,0.0000,0.2484,0.1879,1.2829,0.3151,0
dev2,71,0.7145,0.0949,0.6258,0.0000,0.2546,0.4194,1.6387,0.4967,0
dev2,72,1.3825,1.0158,2.3979,0.0000,0.0447,2.3776,2.6792,1.3618,0
dev2,73,0.8430,0.0593,0.8889,0.0000,0.0300,0.8884,1.7267,0.8438,0
dev2,74,1.3688,0.5276,1.8803,0.0000,0.1360,1.9571,2.1637,1.4378,0
dev2,75,1.4019,0.4694,0.9439,0.0000,0.1992,0.8645,0.9270,1.3332,0
dev2,76,0.9553,0.1245,1.0788,0.0000,0.2506,0.8521,1.9351,0.7316,0
dev2,77,0.4635,0.3541,0.8159,0.0000,0.3306,1.1457,2.0603,0.7940,0
dev2,78,410.3009,411.2229,0.9228,0.0000,0.7071,0.2757,0.7034,410.9976,0
dev2,79,1.2525,0.2981,0.9596,0.0000,0.2921,0.7126,1.1366,1.0106,0
dev2,80,0.6605,0.3413,0.8652,0.0000,0.4243,0.6964,2.6162,0.3756,0
dev2,81,1.1478,0.2835,0.8700,0.0000,0.1700,0.8532,1.3924,1.1173,0
dev2,82,1.2426,0.2195,1.4400,0.0000,0.3601,1.3843,1.8659,1.1683,0
dev2,83,1.0804,0.3496,0.7321,0.0000,0.4000,0.3321,1.0085,0.6808,0
dev2,84,1.0747,0.2720,1.3069,0.0000,0.3600,1.2563,2.0125,0.9920,0
dev2,85,0.9885,0.0833,0.9877,0.0000,0.1513,1.1375,1.3275,1.1361,0
dev2,86,0.6125,0.2521,0.3617,0.0000,0.1414,0.5011,1.0364,0.7528,0
dev2,87,0.8946,0.6787,0.2399,0.0000,0.3102,0.5032,0.7135,1.1816,0
dev2,88,0.6558,0.5673,0.1180,0.0000,0.2789,0.3649,0.7534,0.9296,0
dev2,89,1.0592,1.1919,2.1925,0.0000,0.3716,2.0160,4.1157,0.8292,0
dev2,90,0.4853,0.1939,0.6791,0.0000,0.3202,0.9990,1.8956,0.8051,0
dev2,91,1.4447,1.5371,0.1592,0.0000,0.2081,0.2746,-0.3414,1.2630,0
dev2,92,1.0758,0.1116,0.9774,0.0000,0.2508,0.7271,1.4357,0.8270,0
dev2,93,0.6361,0.0857,0.6655,0.0000,0.1746,0.7160,2.0724,0.6673,0
dev2,94,0.3784,0.2434,0.2211,0.0000,0.2110,0.0891,0.3158,0.3324,0
dev2,95,0.4788,0.0482,0.4308,0.0000,0.2642,0.2342,1.1486,0.2738,0
dev2,96,0.7191,0.2120,0.5270,0.0000,0.0000,0.5270,1.0833,0.7191,0
dev2,97,0.8448,2.5495,1.7199,0.0000,0.0000,1.7199,-4.5637,0.8448,0
dev2,98,0.6949,0.0850,0.7797,0.0000,0.2823,0.5119,1.6772,0.4273,0
dev2,99,0.8305,0.3678,1.1919,0.0000,0.1789,1.2611,2.6038,0.8934,0
dev2,100,0.9994,23.4784,24.3273,0.0000,0.3962,24.2542,50.3856,0.7891,1
dev2,101,0.2740,0.1060,0.1786,0.0000,0.1432,0.1408,1.4755,0.2435,0
dev2,102,0.9517,0.4818,0.4707,0.0000,0.0849,0.4068,0.8564,0.8885,0
dev2,103,0.5033,0.0379,0.4881,0.0000,0.1077,0.4377,1.3500,0.4597,0
dev2,104,0.8280,0.9779,1.7977,0.0000,0.3785,2.1659,2.6584,1.1896,0
dev2,105,0.7812,0.1676,0.6142,0.0000,0.3847,0.5425,1.6656,0.6738,0
dev2,106,1.1865,0.1180,1.0696,0.0000,0.2309,0.8394,1.4201,0.9560,0
dev2,107,0.3320,0.1607,0.4859,0.0000,0.0922,0.4208,1.7856,0.2613,0
dev2,108,0.4890,0.0996,0.4357,0.0000,0.2154,0.2283,1.0764,0.2996,0
dev2,109,1.1554,0.1158,1.1198,0.0000,0.1140,1.0844,1.6625,1.1093,0
dev2,110,0.1542,0.1310,0.2264,0.0000,0.3231,0.1081,0.8393,0.2383,0
dev2,111,0.8628,1.0230,0.4817,0.0000,0.4111,0.2828,-0.5754,0.7403,0
dev2,112,0.2150,0.2105,0.0416,0.0000,0.2040,0.1888,0.7128,0.3953,0
dev2,113,0.3225,0.0759,0.2484,0.0000,0.2778,0.2040,2.1621,0.2496,0
dev2,114,0.6975,0.0429,0.7145,0.0000,0.4118,1.0460,1.2376,1.0183,0
dev2,115,0.3753,0.1046,0.4552,0.0000,0.0640,0.4924,2.0665,0.4046,0
dev2,116,81.7148,81.5398,0.3556,0.0000,0.2138,0.5633,0.7356,81.7608,0
dev2,117,1.1236,0.2929,0.8309,0.0000,0.0400,0.8300,0.9859,1.1228,0
dev2,118,1.9054,0.8013,1.1047,0.0000,0.4144,0.6930,0.8005,1.4944,0
dev2,119,0.9195,0.4235,0.4962,0.0000,0.1204,0.3997,0.8231,0.8216,0
dev2,120,1.6403,0.4131,2.0513,0.0000,0.3053,1.7851,1.9589,1.3795,0
dev2,121,282.1846,281.8677,1.4025,0.0000,0.3945,1.0482,1.1160,281.9559,0
dev2,122,1.0578,0.1558,0.9027,0.0000,0.3225,0.6085,1.2177,0.7591,0
dev2,123,0.2336,0.1021,0.1981,0.0000,0.1924,0.1917,2.0414,0.1276,0
dev2,124,1.4888,0.6006,2.0768,0.0000,0.2617,1.8166,2.1414,1.2272,0
dev2,125,18.0160,18.0201,0.1300,0.0000,0.1985,0.1506,1.6743,17.8695,0
dev2,126,1.3308,0.5847,1.8800,0.0000,0.2600,1.8619,2.2457,1.2872,0
dev2,127,1.0603,0.1662,1.2192,0.0000,0.2961,0.9277,2.0620,0.7721,0
dev2,128,0.8336,0.1547,0.9201,0.0000,0.1649,0.8660,1.6579,0.7580,0
dev2,129,0.6211,0.0082,0.6267,0.0000,0.3941,0.3088,2.0521,0.3071,0
dev2,130,0.5407,0.0933,0.4476,0.0000,0.1900,0.6376,1.2440,0.7307,0
dev2,131,0.1400,0.0438,0.1748,0.0000,0.4243,0.5842,2.0886,0.5416,0
dev2,132,0.8597,0.5498,0.3101,0.0000,0.0806,0.3421,0.6584,0.8883,0
dev2,133,0.7203,0.1701,0.8881,0.0000,0.3200,0.8284,1.8881,0.6635,0
dev2,134,0.0880,0.0295,0.1016,0.0000,0.2417,0.2022,2.1467,0.1826,0
dev2,135,1.1142,0.8162,0.3011,0.0000,0.0000,0.3011,0.5691,1.1142,0
dev2,136,0.6314,0.0422,0.5976,0.0000,0.2983,0.7415,1.4633,0.7823,0
dev2,137,0.1258,0.3459,0.4115,1.0000,0.4111,0.1796,0.6682,0.5179,0
dev2,138,1.1248,0.3566,1.4811,0.0000,0.1253,1.5370,1.9777,1.1807,0
dev2,139,0.1486,0.2296,0.3137,0.0000,0.2267,0.4455,2.2495,0.2163,0
dev2,140,0.7906,0.7374,0.1278,0.0000,0.2332,0.1561,-0.3782,0.5813,0
dev2,141,0.4762,0.0427,0.4369,0.0000,0.1000,0.3527,1.9569,0.3897,0
dev2,142,0.9268,0.2712,1.1978,0.0000,0.2608,0.9696,2.1343,0.7024,0
dev2,143,1.1382,0.5498,0.6099,0.0000,0.1825,0.5527,0.7999,1.1015,0
dev2,144,0.5171,0.0878,0.5993,0.0000,0.3114,0.3434,2.0036,0.2559,0
dev2,145,0.2381,0.1845,0.2997,0.0000,0.2476,0.4268,2.4907,0.2578,0
dev2,146,1.0134,0.0426,0.9720,0.0000,0.3008,0.8207,1.5051,0.8577,0
dev2,147,0.7581,0.3182,1.0762,0.0000,0.3162,1.2243,2.0916,0.9213,0
dev2,148,0.5069,0.0450,0.4831,0.0000,0.1487,0.4124,1.4891,0.4247,0
dev2,149,1.2345,1.1132,2.3286,0.0000,0.2823,2.4240,2.6648,1.3113,0
dev2,150,0.6620,0.3828,0.3744,0.0000,0.3574,0.2667,0.5498,0.6483,0
dev2,151,1.1872,0.4723,0.7270,0.0000,0.0000,0.7270,0.7731,1.1872,0
dev2,152,0.5920,0.1338,0.4623,0.0000,0.3812,0.2333,1.1720,0.3476,0
dev2,153,0.7679,0.2548,1.0111,0.0000,0.2371,1.2151,2.1740,0.9641,0
dev2,154,1.4779,0.5012,0.9810,0.0000,0.0000,0.9810,1.0403,1.4779,0
dev2,155,1.6765,0.3934,1.2936,0.0000,0.0000,1.2936,1.3719,1.6765,0
dev2,156,0.4292,0.1751,0.2747,0.0000,0.0000,0.2747,1.2675,0.4292,0
dev2,157,1.0556,0.0858,1.1308,0.0000,0.4080,0.9414,1.8176,0.8564,0
dev2,158,0.8433,0.1215,0.9051,0.0000,0.3394,0.6327,1.6821,0.5463,0
dev2,159,0.6005,0.1250,0.5324,0.0000,0.4144,0.2796,1.1125,0.4027,0
sponsor,0,0.3162,0.2151,0.5292,0.0000,0.1838,0.6430,2.2179,0.4310,0
sponsor,1,1.9000,0.0184,1.9184,0.0000,0.3600,1.5584,1.6776,1.5400,0
sponsor,2,0.7280,0.0345,0.6935,0.0000,0.2102,0.5770,1.4274,0.6101,0
sponsor,3,1.5524,0.0522,1.5100,0.0000,0.3828,1.3365,1.5532,1.3706,0
sponsor,4,0.6403,0.0686,0.6726,0.0000,0.3808,0.6517,1.4989,0.5908,0
sponsor,5,0.7211,0.1971,0.5545,0.0000,0.3929,0.5039,1.1496,0.7003,0
sponsor,6,0.6708,0.0605,0.6957,0.0000,0.2602,0.6553,1.3892,0.6113,0
sponsor,7,0.3162,0.1647,0.1628,0.0000,0.3036,0.4256,1.0475,0.5901,0
sponsor,8,1.3342,0.8219,2.1351,0.0000,0.2865,2.2604,2.5084,1.4409,0
sponsor,9,1.2042,0.0417,1.2198,0.0000,0.4144,0.8217,1.5212,0.8110,0
sponsor,10,1.4318,0.1136,1.3305,0.0000,0.2746,1.1605,1.3643,1.2520,0
sponsor,11,0.2236,0.1558,0.2723,0.0000,0.2997,0.5092,1.7194,0.3766,0
sponsor,12,1.0050,0.4012,1.4030,0.0000,0.0943,1.3507,2.2418,0.9502,0
sponsor,13,0.0000,0.0319,0.0319,0.0000,0.4200,0.3881,1.3011,0.4200,0
sponsor,14,0.6083,0.1504,0.4580,0.0000,0.1204,0.3609,1.2351,0.5104,0
sponsor,15,1.0000,0.1109,0.8891,0.0000,0.3500,0.5391,1.2823,0.6500,0
sponsor,16,0.8000,0.3034,0.4968,0.0000,0.1603,0.3367,1.0071,0.6401,0
sponsor,17,0.2236,0.0702,0.2855,0.0000,0.3667,0.5665,1.4278,0.5334,0
sponsor,18,0.4243,0.0424,0.4078,0.0000,0.2823,0.2042,1.5367,0.1942,0
sponsor,19,0.9055,0.2224,1.1276,0.0000,0.1140,1.1522,1.6980,0.9301,0
sponsor,20,0.9055,0.1028,0.9965,0.0000,0.4215,0.5935,1.5589,0.5135,0
sponsor,21,0.7000,0.3346,0.3654,0.0000,0.3200,0.6854,1.0501,1.0200,0
sponsor,22,1.1705,0.3604,0.8104,0.0000,0.3312,0.9168,1.0483,1.2648,0
sponsor,23,0.8062,0.2975,0.5107,0.0000,0.3614,0.1527,0.7818,0.4501,0
sponsor,24,0.1414,0.1936,0.1296,0.0000,0.3905,0.2867,0.8629,0.4801,0
sponsor,25,0.2236,0.1934,0.1928,0.0000,0.2335,0.2510,1.8150,0.0671,0
sponsor,26,0.3162,0.2620,0.0889,0.0000,0.4669,0.4988,1.0405,0.7603,0
sponsor,27,1.1045,0.0302,1.1346,0.0000,0.1077,1.0902,1.6399,1.0600,0
sponsor,28,1.1000,0.1037,0.9968,0.0000,0.1204,0.8768,1.4265,0.9801,0
sponsor,29,0.7280,0.1514,0.6038,0.0000,0.3061,0.3640,1.3382,0.5116,0
sponsor,30,0.9849,0.4001,0.9070,0.0000,0.0000,0.9070,1.3545,0.9849,0
sponsor,31,1.1045,1.0709,0.5435,0.0000,0.7071,0.7130,1.0825,1.7088,0
sponsor,32,1.4036,0.4123,0.9912,0.0000,0.1140,0.8988,1.0345,1.3103,0
sponsor,33,1.0440,0.2804,1.3037,0.0000,0.3162,1.4575,1.8425,1.1807,0
sponsor,34,1.0198,0.3127,1.3199,0.0000,0.1942,1.4202,1.8170,1.1107,0
sponsor,35,1.1045,0.0740,1.0347,0.0000,0.0806,1.0724,1.3950,1.1404,0
sponsor,36,0.2236,0.4040,0.5104,0.0000,0.2955,0.7660,2.0903,0.3785,0
sponsor,37,0.5000,0.5245,0.6055,0.0000,0.7071,0.8416,2.0017,1.1180,0
sponsor,38,1.5133,0.2085,1.7122,0.0000,0.3225,1.4247,1.9910,1.2207,0
sponsor,39,0.2000,0.0259,0.1846,0.0000,0.0283,0.2035,1.6390,0.2209,0
bench,0,1.2496,0.0980,1.1656,0.0000,0.2404,0.9831,1.1961,1.0735,0
bench,1,0.4054,0.3439,0.1379,0.0000,0.2163,0.2478,0.7753,0.5881,0
bench,2,0.5316,0.0754,0.5556,0.0000,0.3329,0.8056,1.6155,0.7581,0
bench,3,101.2832,102.1537,0.8775,0.0000,0.3324,0.5529,1.4232,101.6010,0
bench,4,0.4285,0.1417,0.5689,0.0000,0.3883,0.9433,1.8021,0.8070,0
bench,5,0.5196,0.0808,0.5570,0.0000,0.1360,0.5816,1.7495,0.5278,0
bench,6,0.3184,0.1084,0.2124,0.0000,0.1503,0.3621,1.0964,0.4667,0
bench,7,0.6235,0.5645,1.1880,0.0000,0.1273,1.2745,2.4752,0.7121,0
bench,8,0.3051,0.0366,0.2903,0.0000,0.3036,0.1030,1.0315,0.0709,0
bench,9,1.2273,2.1867,1.0020,0.0000,0.1655,1.0607,-1.5613,1.1306,0
bench,10,0.5567,0.4380,0.9381,0.0000,0.2844,0.9454,2.4900,0.5100,0
bench,11,0.8292,0.2837,0.5462,0.0000,0.3669,0.1851,0.8122,0.4680,0
bench,12,0.8609,0.5947,0.3892,0.0000,0.3590,0.2502,0.4907,0.8444,0
bench,13,627.9535,628.2366,0.9751,0.0000,0.0000,0.9751,2.8441,627.9535,0
bench,14,0.6884,0.1185,0.5704,0.0000,0.1769,0.4276,1.3493,0.5456,0
bench,15,0.6319,0.1800,0.4700,0.0000,0.1712,0.6396,1.2430,0.7969,0
bench,16,1.1155,0.8422,1.9309,0.0000,0.2508,2.0171,2.4979,1.1786,0
bench,17,66.8231,66.8910,0.3282,0.0000,0.0000,0.3282,0.7779,66.8231,0
bench,18,0.6003,0.0988,0.5188,0.0000,0.3214,0.4383,1.6118,0.5371,0
bench,19,54.7292,56.2112,1.4824,0.0000,0.0000,1.4824,1.5713,54.7292,0
bench,20,1.0699,0.3700,0.7023,0.0000,0.2343,0.8288,0.9936,1.1970,0
bench,21,1.0689,6.5388,7.5733,0.0000,0.2460,7.4601,14.7513,0.9235,1
bench,22,0.2904,0.0969,0.1958,0.0000,0.0922,0.1229,0.9439,0.2090,0
bench,23,1.4624,0.3168,1.7589,0.0000,0.2484,1.5887,1.9209,1.2812,0
bench,24,1.8271,0.2452,1.6735,0.0000,0.0000,1.6735,1.7542,1.8271,0
bench,25,0.5272,0.1876,0.3433,0.0000,0.1703,0.3082,1.3975,0.4621,0
bench,26,1.0044,0.1411,1.1451,0.0000,0.2184,1.3536,1.6765,1.2125,0
bench,27,1.0425,0.1153,0.9502,0.0000,0.1334,0.8197,1.7350,0.9144,0
bench,28,0.9186,0.4834,0.5062,0.0000,0.0000,0.5062,0.9828,0.9186,0
bench,29,1.4287,0.9826,2.4068,0.0000,0.3195,2.1043,2.9898,1.1224,0
finfet,0,1.3063,1.6902,2.9963,0.0000,0.3421,2.6649,4.5360,0.9757,0
finfet,1,0.4228,0.5769,0.1777,0.0000,0.2404,0.0667,0.1612,0.6436,0
finfet,2,0.6527,0.3145,0.3388,0.0000,0.1562,0.2168,0.7018,0.5264,0
finfet,3,0.7627,0.1215,0.6493,0.0000,0.1769,0.5081,1.6500,0.6131,0
finfet,4,0.8953,0.1731,0.7449,0.0000,0.1342,0.6225,1.2279,0.7671,0
finfet,5,0.7106,0.0335,0.7360,0.0000,0.3672,0.4828,1.4235,0.4699,0
finfet,6,0.2644,0.2268,0.0384,0.0000,0.0608,0.0970,0.4233,0.3238,0
finfet,7,0.3388,0.0553,0.2872,0.0000,0.1304,0.3353,1.3234,0.3761,0
finfet,8,1.0938,0.1228,1.1139,0.0000,0.2915,0.9707,1.8875,0.9223,0
finfet,9,1.3064,3.6321,2.3727,0.0000,0.0000,2.3727,-2.5070,1.3064,0
finfet,10,0.5474,0.3102,0.2661,0.0000,0.2360,0.3262,0.6456,0.6345,0
finfet,11,0.7150,0.1964,0.8690,0.0000,0.2766,0.8860,1.7519,0.6993,0
finfet,12,1.1534,0.1032,1.0633,0.0000,0.3048,1.2381,1.4624,1.3367,0
finfet,13,0.7748,0.3950,0.4437,0.0000,0.3178,0.4658,0.9679,0.8602,0
finfet,14,1.7716,0.1674,1.9387,0.0000,0.2915,1.6485,1.8038,1.4816,0
finfet,15,0.9528,0.2067,1.1515,0.0000,0.2617,0.8911,1.6797,0.6913,0
finfet,16,0.7383,0.1073,0.6580,0.0000,0.2000,0.5182,1.0434,0.6131,0
finfet,17,1.3310,0.2615,1.5906,0.0000,0.4295,1.6242,1.8489,1.3665,0
finfet,18,1.3888,0.5725,1.9568,0.0000,0.3061,1.7520,2.1615,1.1796,0
finfet,19,0.6320,0.2218,0.8538,0.0000,0.3362,0.9256,1.8412,0.7228,0
finfet,20,0.7065,0.0193,0.7244,0.0000,0.2121,0.5587,1.4937,0.5397,0
finfet,21,0.9576,0.7283,1.6669,0.0000,0.2052,1.5201,3.1759,0.7965,0
finfet,22,0.2594,0.1983,0.0659,0.0000,0.0762,0.1286,0.7883,0.3269,0
finfet,23,0.5374,0.0469,0.5091,0.0000,0.2693,0.3142,1.2958,0.3563,0
finfet,24,0.4518,0.1641,0.3124,0.0000,0.2729,0.1971,1.2680,0.3554,0
finfet,25,879.0974,878.2885,0.8660,0.0000,0.4319,1.0947,1.7016,879.0943,0
finfet,26,0.5872,0.3531,0.9311,0.0000,0.1581,1.0797,2.3756,0.7309,0
finfet,27,1.2750,0.1020,1.1735,0.0000,0.1304,1.1763,1.4164,1.2761,0
finfet,28,1.5890,0.4842,2.0516,0.0000,0.4482,1.6824,2.2536,1.2036,0
finfet,29,0.9477,0.9061,1.7701,0.0000,0.0000,1.7701,2.5443,0.9477,0
jitter1.5,0,58.9920,58.9931,1.2108,0.0000,0.3413,0.8704,2.3956,59.0114,0
jitter1.5,1,1.8284,0.6199,1.2147,0.0000,0.1393,1.0837,1.3218,1.6945,0
jitter1.5,2,0.9120,0.5643,0.3723,0.0000,0.3922,0.0211,-0.0425,0.5433,0
jitter1.5,3,0.0316,0.2148,0.2021,0.0000,0.2195,0.0204,0.3007,0.2306,0
jitter1.5,4,0.7346,0.0467,0.7812,0.0000,0.1726,0.7325,1.8917,0.6876,0
jitter1.5,5,1.5961,1.2654,0.3385,0.0000,0.1044,0.3534,0.4526,1.6183,0
jitter1.5,6,1.3515,0.8886,0.4786,0.0000,0.4163,0.0674,0.0771,0.9560,0
jitter1.5,7,0.9110,5.1924,6.0807,0.0000,0.1414,6.0591,8.2959,0.8697,1
jitter1.5,8,189.4342,189.5693,3.7055,0.0000,0.2280,3.5612,3.8698,189.2653,0
jitter1.5,9,0.7238,0.3314,0.3926,0.0000,0.3722,0.7605,0.8928,1.0892,0
jitter1.5,10,0.3595,2.3224,2.6520,0.0000,0.1942,2.4897,7.2856,0.1719,0
jitter1.5,11,0.7534,0.3401,1.0859,0.0000,0.1005,1.0913,1.9800,0.7529,0
jitter1.5,12,0.1452,0.1563,0.0340,0.0000,0.2915,0.2739,0.7445,0.4300,0
jitter1.5,13,1.2592,2.6251,1.3880,0.0000,0.3758,1.7187,-2.5090,0.9065,0
jitter1.5,14,0.3287,2.1369,2.4473,0.0000,0.1265,2.4844,4.2326,0.3475,0
jitter1.5,15,0.3858,0.5537,0.1902,0.0000,0.1432,0.0505,-0.2456,0.5034,0
jitter1.5,16,0.2191,0.0314,0.1940,0.0000,0.0583,0.2416,2.6106,0.2635,0
jitter1.5,17,485.8462,485.0737,0.7739,0.0000,0.3324,0.4546,0.4844,485.5261,0
jitter1.5,18,677.8469,657.2057,34.3574,0.0000,0.4276,33.9373,-41.3748,677.5256,0
jitter1.5,19,0.8913,0.7175,0.4100,0.0000,0.4111,0.0319,-0.0518,0.6863,0
jitter1.5,20,71.3385,71.6693,1.2799,0.0000,0.3511,1.1166,-2.6999,71.6677,0
jitter1.5,21,1.7683,2.7490,4.5136,0.0000,0.1208,4.4033,5.5644,1.6560,0
jitter1.5,22,1.3047,0.6550,1.9590,0.0000,0.0447,1.9189,2.5940,1.2651,0
jitter1.5,23,0.6433,0.1470,0.5189,0.0000,0.3158,0.3561,1.4190,0.5031,0
jitter3.0,0,0.3959,0.2735,0.6135,0.0000,0.3401,0.2873,1.1273,0.2007,0
jitter3.0,1,2.0074,17.1900,19.1971,0.0000,0.1005,19.2069,26.1983,2.0210,1
jitter3.0,2,1.4331,2.0815,3.5032,0.0000,0.2256,3.5463,10.5822,1.4648,0
jitter3.0,3,401.9633,392.6049,10.2744,1.0000,0.4085,9.6533,21.7126,401.3378,0
jitter3.0,4,603.0881,599.6997,4.0304,0.0000,0.1655,3.9576,-9.1552,603.1041,0
jitter3.0,5,0.1452,3.8979,3.8793,0.0000,0.2508,3.7724,7.3282,0.1518,0
jitter3.0,6,0.6507,0.5360,1.1597,0.0000,0.2377,1.0486,3.5418,0.5138,0
jitter3.0,7,164.6122,166.8394,2.6993,0.0000,0.1300,2.5693,6.4981,164.7191,0
jitter3.0,8,422.0529,422.0874,0.0638,0.0000,0.2002,0.2630,-0.2813,421.9120,0
jitter3.0,9,1.3409,0.4873,1.8237,0.0000,0.4415,1.3909,2.7630,0.9146,0
jitter3.0,10,383.5877,366.3560,25.6424,0.0000,0.3206,25.3224,-33.5942,383.3812,0
jitter3.0,11,109.6021,118.8912,27.6375,0.0000,0.2832,27.4467,38.3331,109.8484,0
jitter3.0,12,17.4633,17.7065,0.6735,0.0000,0.3764,0.3679,0.8328,17.7316,0
jitter3.0,13,1.6501,5.2508,3.6030,0.0000,0.2846,3.8719,-6.0352,1.3791,1
jitter3.0,14,681.4981,682.0399,0.7269,0.0000,0.2759,0.5089,0.6305,681.5819,0
jitter3.0,15,1.9781,1.9054,0.0860,0.0000,0.0860,0.0000,,1.9054,0
jitter3.0,16,816.3440,816.3543,0.0164,0.0000,0.2402,0.2270,-0.3811,816.5747,0
jitter3.0,17,646.2840,646.0402,1.0322,0.0000,0.3000,0.8239,1.1357,646.0432,0
jitter3.0,18,0.0627,10.3688,10.3072,0.0000,0.1655,10.4569,20.9587,0.1206,1
jitter3.0,19,1.1123,1.1288,0.0258,0.0000,0.3206,0.3363,-4.6006,0.7926,0
jitter3.0,20,0.4725,1.0479,0.6726,0.0000,0.2267,0.5008,-0.9646,0.5508,0
jitter3.0,21,146.5068,145.5019,1.2375,0.0000,0.1803,1.1657,-10.7661,146.3463,0
jitter3.0,22,0.4356,0.3145,0.7499,0.0000,0.2202,0.5299,-5.3474,0.2154,0
jitter3.0,23,1.5010,0.5578,1.9975,0.0000,0.4713,1.5426,2.6517,1.0322,0
jitter3.0,24,595.2507,602.7368,8.6119,0.0000,0.7071,8.0973,-23.9681,595.4754,0
jitter3.0,25,268.3097,270.2889,25.3626,0.0000,0.0849,25.3025,-33.4824,268.2518,0
jitter3.0,26,0.5839,8.8836,9.4462,0.0000,0.3401,9.7551,16.9232,0.8718,1
jitter3.0,27,1.2249,0.1263,1.1064,0.0000,0.2802,0.8648,1.7180,0.9882,0
jitter3.0,28,566.2316,572.4661,7.3997,0.0000,0.1552,7.5496,11.6848,566.0836,0
jitter3.0,29,1.4494,7.8877,9.3363,0.0000,0.2617,9.0763,17.0606,1.1908,1

# shift_* are Euclidean movement in search-image px, stage by stage.
# lost_by_refinement: selection was within 5 px of GT, the reported answer was not.
# dev and dev2 are the tuning family - any threshold must be read off those.
