split,id,image,axis,period_px,r_1,r_last,modulation_strength,best_order,p_value,residual_rms
sponsor,0,reference,y,97.082,0.7179,,0.9654,5,0.6484,0.0914
sponsor,0,reference,x,73.549,0.3643,,0.9062,2,0.5212,0.12623
sponsor,0,search,y,9.612,0.4397,0.1435,1.3349,2,0.0025,0.06845
sponsor,0,search,x,17.993,0.5136,0.0048,0.7734,8,0.3192,0.05889
sponsor,1,reference,y,71.54,0.5495,,1.2085,2,0.0224,0.11854
sponsor,1,reference,x,71.391,0.5182,,0.7514,3,0.8828,0.08551
sponsor,1,search,y,9.577,0.4689,0.0438,1.622,2,0.0025,0.05639
sponsor,1,search,x,14.647,0.4989,-0.0044,0.6266,24,0.8204,0.05037
sponsor,2,reference,y,63.511,0.9314,,0.914,15,0.2693,0.04051
sponsor,2,reference,x,97.423,0.8807,,0.8944,10,0.8005,0.10948
sponsor,2,search,y,4.795,0.4814,0.3559,0.9293,3,0.0324,0.06884
sponsor,2,search,x,7.294,0.4733,0.1054,1.083,3,0.0025,0.05668
sponsor,3,reference,y,69.531,0.8079,,0.8411,5,0.6509,0.06858
sponsor,3,reference,x,109.391,0.9313,,0.8315,2,0.9277,0.04562
sponsor,3,search,y,15.835,0.4133,0.0115,0.748,24,0.4065,0.05007
sponsor,3,search,x,10.767,0.3366,0.0398,0.6542,2,0.7781,0.05384
sponsor,4,reference,y,71.15,0.9355,,1.127,2,0.0549,0.0165
sponsor,4,reference,x,113.982,0.7323,,0.9098,8,0.9302,0.0689
sponsor,4,search,y,4.738,0.3615,0.3553,1.0828,2,0.0175,0.0789
sponsor,4,search,x,10.815,0.3233,0.0689,1.1845,2,0.0025,0.07563
sponsor,5,reference,y,47.587,0.6149,,1.1756,3,0.0025,0.12368
sponsor,5,reference,x,72.89,0.8199,,1.0058,13,0.2045,0.07452
sponsor,5,search,y,11.949,0.5023,0.0408,1.0618,4,0.01,0.06558
sponsor,5,search,x,23.635,0.3454,0.0248,0.7453,24,0.2993,0.06708
bench,0,reference,y,54.386,0.235,,0.8588,3,0.3666,0.16709
bench,0,reference,x,124.869,0.0267,,1.6282,2,0.0274,0.15845
bench,0,search,y,16.137,0.7817,0.0227,1.0891,24,0.0075,0.05595
bench,0,search,x,23.347,0.7706,-0.0831,0.9849,12,0.0249,0.03652
bench,1,reference,y,47.631,0.8494,,1.931,2,0.0025,0.04983
bench,1,reference,x,70.862,0.8203,,0.9079,14,0.4464,0.17915
bench,1,search,y,91.639,-0.183,,0.978,5,0.5761,0.08078
bench,1,search,x,92.727,-0.0968,,1.0906,3,0.207,0.07057
bench,2,reference,y,52.695,0.2884,,1.3938,3,0.005,0.30853
bench,2,reference,x,121.429,-0.0054,,1.8752,2,0.0249,0.33376
bench,2,search,y,16.154,0.7835,-0.0474,0.9835,24,0.0274,0.05216
bench,2,search,x,25.06,0.7776,0.1192,0.9964,24,0.0424,0.07888
bench,3,reference,y,52.795,0.2159,,1.3923,3,0.005,0.33522
bench,3,reference,x,122.659,0.1332,,1.8525,2,0.02,0.31068
bench,3,search,y,16.979,0.7827,0.0905,1.1018,24,0.015,0.0481
bench,3,search,x,25.849,0.7428,0.1795,0.7828,24,0.2668,0.04179
bench,4,reference,y,47.414,0.8613,,1.1472,2,0.0075,0.05548
bench,4,reference,x,71.672,0.8717,,1.1461,2,0.0574,0.05717
bench,4,search,y,109.027,-0.0548,,1.0921,4,0.2269,0.09582
bench,4,search,x,112.233,0.0647,,1.135,4,0.2494,0.07982
bench,5,reference,y,47.776,0.8681,,1.8046,2,0.0025,0.04759
bench,5,reference,x,72.963,0.8087,,0.8183,13,0.7431,0.08146
bench,5,search,y,4.465,0.5861,0.3458,1.1739,2,0.0025,0.03781
bench,5,search,x,6.807,0.728,0.0289,0.7573,5,0.4115,0.05816
finfet,0,reference,y,37.731,0.568,0.0578,1.2522,2,0.0025,0.07558
finfet,0,reference,x,40.492,0.8248,0.182,0.9418,24,0.0549,0.10847
finfet,0,search,y,108.676,0.0568,,1.1036,2,0.2643,0.05107
finfet,0,search,x,107.28,0.1275,,0.8944,4,0.8454,0.06664
finfet,1,reference,y,90.594,0.3739,,1.1937,2,0.0773,0.31101
finfet,1,reference,x,97.354,0.9517,,0.8316,3,0.8853,0.03278
finfet,1,search,y,17.627,0.674,0.0406,0.5838,8,0.9501,0.06863
finfet,1,search,x,9.019,0.869,0.0406,1.1312,24,0.0125,0.09529
finfet,2,reference,y,99.575,0.2345,,0.9118,5,0.7307,0.14072
finfet,2,reference,x,98.281,0.9626,,0.9456,10,0.6733,0.01773
finfet,2,search,y,19.445,0.6968,0.0118,1.2209,12,0.0025,0.0926
finfet,2,search,x,10.517,0.8342,0.0279,1.0583,24,0.0224,0.0275
finfet,3,reference,y,53.815,0.3846,,0.8443,18,0.2868,0.21537
finfet,3,reference,x,59.736,0.9485,,0.8158,16,0.4489,0.01871
finfet,3,search,y,102.089,0.1275,,1.3106,3,0.0249,0.04707
finfet,3,search,x,6.536,0.7942,0.1152,1.1416,2,0.005,0.01139
finfet,4,reference,y,37.098,0.5767,0.5398,1.9085,2,0.0025,0.13765
finfet,4,reference,x,39.178,0.8622,-0.2627,0.8764,12,0.0973,0.06501
finfet,4,search,y,99.379,-0.0258,,1.305,2,0.0299,0.04901
finfet,4,search,x,98.781,-0.004,,1.0548,5,0.4489,0.08566
finfet,5,reference,y,45.218,0.4894,,1.4491,2,0.0025,0.19108
finfet,5,reference,x,46.504,0.8322,,1.0915,21,0.0125,0.21655
finfet,5,search,y,99.509,-0.039,,1.1587,2,0.0574,0.05551
finfet,5,search,x,99.183,-0.1008,,1.0338,2,0.3217,0.07381
# r(k) is the self-correlation of the image displaced by k primitive periods.
# modulation_strength is the amplitude of the strongest periodic component of the
# DETRENDED r(k), divided by that series' RMS. A real supercell of order N shows a
# strength near 1 with best_order stable at N across images. Values scattered near the
# noise floor with best_order jumping around mean there is no higher-order period -
# which is what a random-walk line placement (H7) predicts.
